accnum,AAA,AAC,AAG,AAT,ACA,ACC,ACG,ACT,AGA,AGC,AGG,AGT,ATA,ATC,ATG,ATT,CAA,CAC,CAG,CAT,CCA,CCC,CCG,CCT,CGA,CGC,CGG,CGT,CTA,CTC,CTG,CTT,GAA,GAC,GAG,GAT,GCA,GCC,GCG,GCT,GGA,GGC,GGG,GGT,GTA,GTC,GTG,GTT,TAA,TAC,TAG,TAT,TCA,TCC,TCG,TCT,TGA,TGC,TGG,TGT,TTA,TTC,TTG,TTT
STDEV,0.124843162,0.17527408,0.158237748,0.274290193,0.096925706,0.055901699,0,0.124843162,0.185034734,0.055901699,0.096925706,0.125156642,0.111803399,0.055901699,0,0.148100565,0.216822848,0.078932931,0.135853277,0.146504464,0.176610369,0.055901699,0.055901699,0.23031854,0,0,0,0,0.055901699,0,0.078932931,0.208649186,0.078932931,0.137002162,0.078932931,0.461529419,0.166532731,0.055901699,0.055901699,0.177053558,0.078932931,0,0,0.463721065,0.176942865,0.055901699,0.078932931,0.185034734,0,0.147835745,0,0.111803399,0.079180758,0.055901699,0.055901699,0.096925706,0,0,0.055901699,0.079180758,0.111978502,0.157244095,0.078932931,0.26805859
